{"cameraMode":{"drawMode":0,"name":"Shaded","section":"Shading Mode"},"sceneLighting":true,"audioPlay":false,"sceneViewState":{"m_AlwaysRefresh":false,"showFog":true,"showSkybox":true,"showFlares":true,"showImageEffects":true,"showParticleSystems":true,"showVisualEffectGraphs":true,"m_FxEnabled":true},"in2DMode":false,"pivot":{"x":-3.9834890365600588,"y":7.363463878631592,"z":-90.8727035522461},"rotation":{"x":0.3328506648540497,"y":-0.017061954364180566,"z":0.006755719427019358,"w":0.9430435299873352},"size":0.7333046793937683,"orthographic":false}