{"cameraMode":{"drawMode":0,"name":"Shaded","section":"Shading Mode"},"sceneLighting":true,"audioPlay":false,"sceneViewState":{"m_AlwaysRefresh":false,"showFog":true,"showSkybox":true,"showFlares":true,"showImageEffects":true,"showParticleSystems":true,"showVisualEffectGraphs":true,"m_FxEnabled":true},"in2DMode":false,"pivot":{"x":0.6526942253112793,"y":-6.3002166748046879,"z":-57.9481315612793},"rotation":{"x":-0.16598796844482423,"y":-0.037350498139858249,"z":0.005542798433452845,"w":-0.9856370687484741},"size":15.625555038452149,"orthographic":false}