{"cameraMode":{"drawMode":0,"name":"Shaded","section":"Shading Mode"},"sceneLighting":true,"audioPlay":false,"sceneViewState":{"m_AlwaysRefresh":false,"showFog":true,"showSkybox":true,"showFlares":true,"showImageEffects":true,"showParticleSystems":true,"showVisualEffectGraphs":true,"m_FxEnabled":true},"in2DMode":false,"pivot":{"x":-2.1058199405670168,"y":-10.924762725830079,"z":-65.75862884521485},"rotation":{"x":0.2900521159172058,"y":0.012917246669530869,"z":-0.003911400679498911,"w":0.9569059610366821},"size":18.519447326660158,"orthographic":false}