{"cameraMode":{"drawMode":0,"name":"Shaded","section":"Shading Mode"},"sceneLighting":true,"audioPlay":false,"sceneViewState":{"m_AlwaysRefresh":false,"showFog":true,"showSkybox":true,"showFlares":true,"showImageEffects":true,"showParticleSystems":true,"showVisualEffectGraphs":true,"m_FxEnabled":true},"in2DMode":false,"pivot":{"x":1.0490814447402955,"y":-5.448893070220947,"z":-82.33494567871094},"rotation":{"x":-0.34746384620666506,"y":-0.18024174869060517,"z":0.06782400608062744,"w":-0.9178563356399536},"size":10.618380546569825,"orthographic":false}