{"cameraMode":{"drawMode":0,"name":"Shaded","section":"Shading Mode"},"sceneLighting":true,"audioPlay":false,"sceneViewState":{"m_AlwaysRefresh":false,"showFog":true,"showSkybox":true,"showFlares":true,"showImageEffects":true,"showParticleSystems":true,"showVisualEffectGraphs":true,"m_FxEnabled":true},"in2DMode":false,"pivot":{"x":-2.4099998474121095,"y":2.187941551208496,"z":-87.62999725341797},"rotation":{"x":0.058723073452711108,"y":0.9145264625549316,"z":-0.14101286232471467,"w":0.3751985430717468},"size":10.701640129089356,"orthographic":false}