{"cameraMode":{"drawMode":0,"name":"Shaded","section":"Shading Mode"},"sceneLighting":true,"audioPlay":false,"sceneViewState":{"m_AlwaysRefresh":false,"showFog":true,"showSkybox":true,"showFlares":true,"showImageEffects":true,"showParticleSystems":true,"showVisualEffectGraphs":true,"m_FxEnabled":true},"in2DMode":false,"pivot":{"x":-6.842747688293457,"y":2.7799882888793947,"z":-86.8494644165039},"rotation":{"x":0.023634884506464006,"y":0.11916226148605347,"z":0.0018737390637397767,"w":-0.9928328990936279},"size":1.3887174129486085,"orthographic":false}